1,420774000001,13-01-2020 18:10:15,13-01-2020 18:10:25
2,260776000044,18-02-2020 08:59:20,18-02-2020 08:59:40
3,420775000902,13-03-2020 18:10:15,13-03-2020 18:10:45
4,420775000055,15-10-2022 18:10:15,15-10-2022 18:11:15
5,420777000063,28-11-2022 08:59:20,28-11-2022 09:59:20
6,260776000099,18-02-2020 08:59:20,18-02-2020 08:59:40
7,420775066002,13-03-2020 18:10:15,13-03-2020 18:10:45
8,260776000033,18-02-2020 08:59:20,18-02-2020 08:59:40
9,420775006602,13-03-2020 18:10:15,13-03-2020 18:10:45
10,420775000001,15-10-2022 18:10:15,15-10-2022 18:11:15
11,420775000001,15-10-2022 18:10:15,15-10-2022 18:11:15
12,420775000001,15-10-2022 18:10:15,15-10-2022 18:11:15
